Lesson,Strong's Number
Lesson #0,413
Lesson #45,3967
Lesson #45,505
Lesson #03,3068
Lesson #03,113
Lesson #03,136
Lesson #03,430
Lesson #05,1931
Lesson #05,1931
Lesson #05,859
Lesson #05,859
Lesson #05,589
Lesson #05,1697
Lesson #05,3651
Lesson #05,3808
Lesson #05,7965
Lesson #06,376
Lesson #06,802
Lesson #06,5288
Lesson #06,5291
Lesson #06,1961
Lesson #06,1961
Lesson #06,4310
Lesson #06,8034
Lesson #07,1
Lesson #07,517
Lesson #07,1121
Lesson #07,1323
Lesson #07,2145
Lesson #07,5347
Lesson #07,127
Lesson #07,1285
Lesson #08,
Lesson #08,
Lesson #08,1004
Lesson #08,4100
Lesson #09,
Lesson #09,
Lesson #09,
Lesson #09,
Lesson #09,
Lesson #09,776
Lesson #09,4428
Lesson #10,241
Lesson #10,251
Lesson #10,269
Lesson #10,7218
Lesson #10,7272
Lesson #10,3207
Lesson #10,5869
Lesson #11,3605
Lesson #11,1992
Lesson #11,2004
Lesson #11,859
Lesson #11,859
Lesson #11,587
Lesson #11,5892
Lesson #11,1961
Lesson #11,5650
Lesson #12,3426
Lesson #12,369
Lesson #12,4725
Lesson #12,8033
Lesson #13,
Lesson #13,
Lesson #13,
Lesson #13,
Lesson #13,4325
Lesson #13,3220
Lesson #13,5973
Lesson #13,8064
Lesson #13,5921
Lesson #13,3942
Lesson #14,5930
Lesson #14,4100
Lesson #14,4069
Lesson #14,4100
Lesson #14,349
Lesson #14,4100
Lesson #14,4970
Lesson #14,335
Lesson #14,346
Lesson #14,375
Lesson #14,370
Lesson #14,575
Lesson #14,575
Lesson #15,1696
Lesson #15,6908
Lesson #15,7971
Lesson #15,5971
Lesson #15,7993
Lesson #15,6213
Lesson #15,8104
Lesson #15,853
Lesson #15,6963
Lesson #16,1870
Lesson #16,1961
Lesson #16,1961
Lesson #16,1961
Lesson #16,7121
Lesson #16,1980
Lesson #16,3427
Lesson #16,8085
Lesson #16,3947
Lesson #17,
Lesson #17,
Lesson #17,
Lesson #17,
Lesson #17,
Lesson #17,3899
Lesson #17,5414
Lesson #18,398
Lesson #19,1961
Lesson #19,1961
Lesson #19,1961
Lesson #19,3045
Lesson #19,5975
Lesson #20,168
Lesson #21,7673
Lesson #21,7637
Lesson #21,3117
Lesson #21,7911
Lesson #22,4672
Lesson #22,3318
Lesson #22,4639
Lesson #23,1818
Lesson #23,1875
Lesson #23,4427
Lesson #24/25,216
Lesson #24/25,3915
Lesson #24/25,1254
Lesson #24/25,6485
Lesson #26/27,935
Lesson #26/27,4941
Lesson #26/27,8199
Lesson #26/27,996
Lesson #26/27,6666
Lesson #26/27,2026
Lesson #26/27,3541
Lesson #26/27,6908
Lesson #28,1961
Lesson #28,1961
Lesson #28,1961
Lesson #28,1961
Lesson #28,7458
Lesson #29,1288
Lesson #29,6743
Lesson #29,7650
Lesson #29,4427
Lesson #29,3615
Lesson #29,7843
Lesson #29,3513
Lesson #29,6235
Lesson #29,6235
Lesson #30,310
Lesson #30,518
Lesson #30,834
Lesson #30,3863
Lesson #30,3884
Lesson #30,3651
Lesson #30,5704
Lesson #30,4616
Lesson #30,6258
Lesson #30,3972
Lesson #30,6491
Lesson #30,5254
Lesson #31/32,3581
Lesson #31/32,3772
Lesson #31/32,1471
Lesson #31/32,6662
Lesson #31/32,1419
Lesson #31/32,6996
Lesson #31/32,7227
Lesson #31/32,8147
Lesson #33/34,2088
Lesson #33/34,2063
Lesson #33/34,428
Lesson #33/34,1992
Lesson #33/34,2004
Lesson #33/34,310
Lesson #33/34,5315
Lesson #33/34,2233
Lesson #35/36,3847
Lesson #35/36,6680
Lesson #35/36,899
Lesson #35/36,4503
Lesson #35/36,559
Lesson #35/36,2734
Lesson #35/36,639
Lesson #35/36,7323
Lesson #37/38,8055
Lesson #37/38,2029
Lesson #37/38,6711
Lesson #37/38,6942
Lesson #37/38,2204
Lesson #37/38,4714
Lesson #39/40,1272
Lesson #39/40,8210
Lesson #39/40,5869
Lesson #41-44,410
Lesson #41-44,914
Lesson #41-44,5307
Lesson #41-44,7200
Lesson #41-44,6607
Lesson #45-48,259
Lesson #45-48,7969
Lesson #45-48,7969
Lesson #45-48,702
Lesson #45-48,702
Lesson #45-48,2568
Lesson #45-48,2568
Lesson #45-48,8337
Lesson #45-48,8337
Lesson #45-48,7651
Lesson #45-48,7651
Lesson #45-48,8083
Lesson #45-48,8083
Lesson #45-48,8672
Lesson #45-48,8672
Lesson #45-48,7223
Lesson #45-48,7223
Lesson #45-48,8145
Lesson #45-48,7992
Lesson #45-48,7243
Lesson #45-48,2549
Lesson #45-48,2549
Lesson #45-48,8345
Lesson #45-48,8345
Lesson #45-48,7637
Lesson #45-48,8066
Lesson #45-48,8066
Lesson #45-48,8671
Lesson #45-48,8671
Lesson #45-48,6224
Lesson #45-48,6224
Lesson #45-48,4399
Lesson #45-48,7121
Lesson #45-48,8147
Lesson #45-48,7676
Lesson #49/50,622
Lesson #49/50,1478
Lesson #49/50,622
Lesson #49/50,1288
Lesson #49/50,6912
Reading #01,1817
Reading #01,7979
Reading #01,3678
Reading #01,6086
Reading #01,6086
Reading #01,953
Reading #01,4940
Reading #01,929
Reading #01,352
Reading #01,7716
Reading #01,5483
Reading #01,5484
Reading #01,6499
Reading #01,6510
Reading #01,1581
Reading #01,2543
Reading #01,5795
Reading #01,120
Reading #01,3206
Reading #01,3207
Reading #01,2421b
Reading #01,7776
Reading #01,5175
Reading #02,3978
Reading #02,6529
Reading #02,5929
Reading #02,1588
Reading #02,5903
Reading #03,2022
Reading #03,784
Reading #03,4196
Reading #03,3979
Reading #03,7819
Reading #03,1129
Reading #03,559
Reading #03,6128
Reading #03,5927
Reading #03,2280
Reading #03,7200
Reading #03,2009
Reading #03,834
Reading #03,7350
Reading #04,3801
Reading #04,7651
Reading #04,7462
Reading #04,8141
Reading #04,6629
Reading #04,2472
Reading #04,7462
Reading #04,7971
Reading #04,2492
Reading #04,157
Reading #04,4910
Reading #04,8130
Reading #04,6584
Reading #04,6213
Reading #04,3588
Reading #05,7919
Reading #05,6491
Reading #05,4191
Reading #05,7451
Reading #05,2896
Reading #05,6175
Reading #05,8432
Reading #05,6435
Reading #05,7307
Reading #05,2290
Reading #05,8384
Reading #05,3372
Reading #05,2244
Reading #05,8609
Reading #05,3742
Reading #05,2416
Reading #05,2719
Reading #05,8104
Reading #05,7931
Reading #05,5046
Reading #05,4480
Reading #05,1571
Reading #05,259
Reading #06,1242
Reading #06,1234
Reading #06,7925
Reading #06,5927
Reading #06,6965
Reading #06,3173
Reading #06,4994
Reading #06,7812
Reading #06,5375
Reading #06,7760
Reading #06,7725
Reading #06,3162
Reading #06,6311
Reading #06,7992
Reading #06,7161
Reading #06,4397
Reading #06,270
Reading #06,6186
Reading #06,8478
Reading #06,408
Reading #06,8147
Reading #07,6446
Reading #07,2208
Reading #07,8435
Reading #07,1681
Reading #07,3201
Reading #07,935
Reading #07,3394
Reading #07,3556
Reading #07,8121
Reading #07,6240
Reading #07,1167
Reading #07,7065
Reading #07,1605
Reading #07,5608
Reading #07,3254
Reading #07,4191
Reading #07,7126
Reading #07,7725
Reading #07,2962
Reading #07,
Reading #07,5750
Reading #07,736
Reading #07,4057
Reading #07,3381
Reading #07,5337
Reading #07,7386
Reading #07,4390
Reading #08,7704
Reading #08,1847
Reading #08,5060
Reading #08,637
Reading #08,2530
Reading #08,8378
Reading #08,8669
Reading #08,6089
Reading #08,6119
Reading #08,3205
Reading #08,7779
Reading #08,2244
Reading #08,5377
Reading #08,779
Reading #08,1115
Reading #08,5978
Reading #08,6440
Reading #08,3858
Reading #08,5785
Reading #08,6083
Reading #08,2188
Reading #08,5647
Reading #08,6924
Reading #08,5769
Reading #08,5668
Reading #09,2820
Reading #09,5441
Reading #09,8193
Reading #09,2344
Reading #09,5002
Reading #09,7235
Reading #09,1288
Reading #09,7650
Reading #09,3282
Reading #10,4033
Reading #10,485
Reading #10,5437
Reading #10,5324
Reading #10,481
Reading #10,6010
Reading #10,6875
Reading #10,3910
Reading #10,5219
Reading #10,5230
Reading #10,1245
Reading #10,8582
Reading #10,5221
Reading #10,5265
Reading #10,7592
Reading #10,595
Reading #10,5631
Reading #10,8243
Reading #10,6242
Reading #10,1215
Reading #10,8269
Reading #10,4975
Reading #10,1320
Reading #10,2876
Reading #10,57
Reading #10,8071
Reading #10,5503
Reading #10,7585
Reading #10,8163
Reading #10,3701
Reading #10,3985
Reading #10,56
Reading #10,7167
Reading #10,3680
Reading #10,5674
Reading #10,5162
Reading #10,2963
Reading #10,4376
Reading #10,5234
Reading #10,4900
Reading #10,5162
Reading #10,2881
Reading #10,1058
Reading #11,7225
Reading #11,8414
Reading #11,922
Reading #11,2822
Reading #11,6440
Reading #11,6153
Reading #11,7549
Reading #11,3004
Reading #11,4723
Reading #11,1877
Reading #11,6212
Reading #11,4327
Reading #11,3974
Reading #11,226
Reading #11,4150
Reading #11,4475
Reading #11,7363
Reading #11,6960
Reading #11,1876
Reading #11,2232
Reading #11,3318
Reading #11,215
Reading #11,7243
Reading #11,3966
Reading #11,8318
Reading #11,5775
Reading #11,8577
Reading #11,3671
Reading #11,7431
Reading #11,6754
Reading #11,1823
Reading #11,1710
Reading #11,402
Reading #11,6635
Reading #11,3418
Reading #11,8317
Reading #11,5774
Reading #11,7430
Reading #11,7235
Reading #11,7287
Reading #11,3533
Reading #11,2232
Reading #11,3615
Reading #11,6942
Reading #11,1254
Reading #12,1241
Reading #12,7097
Reading #12,4829
Reading #12,4315
Reading #12,2428
Reading #12,4735
Reading #12,272
Reading #12,2945
Reading #12,7668
Reading #12,3322
Reading #12,1481
Reading #12,3427
Reading #12,5975
Reading #12,5381
Reading #12,3557
Reading #12,3856
Reading #12,3950
Reading #12,4672
Reading #12,7665
Reading #12,8552
Reading #12,3051
Reading #12,3513
Reading #12,7970
Reading #12,3967
Reading #12,4592
Reading #12,656
Reading #12,6310
Reading #12,5048
Reading #12,1472
Reading #12,3548
Reading #12,2706
Reading #12,8393
Reading #12,2580
Reading #12,2569
Reading #12,3409
Reading #12,2617
Reading #12,571
Reading #12,6900
Reading #12,4294
Reading #12,3582
Reading #12,7604
Reading #12,7069
Reading #12,2421
Reading #12,8074
Reading #12,2388
Reading #12,5674
Reading #12,2421
Reading #12,6912
Reading #12,7901
Reading #12,705
Reading #12,7535
Reading #12,1887
Reading #12,905
Reading #13,7626
Reading #13,1293
Reading #13,4631
Reading #13,6913
Reading #13,2598
Reading #13,7657
Reading #13,1068
Reading #13,7393
Reading #13,6571
Reading #13,4264
Reading #13,1637
Reading #13,5676
Reading #13,4553
Reading #13,60
Reading #13,5401
Reading #13,7495
Reading #13,2596
Reading #13,3738
Reading #13,5800
Reading #13,5594
Reading #13,6588
Reading #13,2403
Reading #13,3820
Reading #13,8029
Reading #13,1290
Reading #13,6106
Reading #13,727
Reading #13,7852
Reading #13,1580
Reading #13,2803
Reading #13,3205